Title,Cast and crew,genres
Insidious: The Last Key,"Adam Robitel (director); Leigh Whannell (screenplay); Lin Shaye, Angus Sampson, Leigh Whannell, Spencer Locke, Caitlin Gerard, Kirk Acevedo, Bruce Davison",Horror Mystery Thriller
The Strange Ones,"Lauren Wolkstein (director); Christopher Radcliff (co-director/screenplay); Alex Pettyfer, James Freedson-Jackson, Emily Althaus, Gene Jones, Owen Campbell, Tobias Campbell",Thriller Drama
Stratton,"Simon West (director); Duncan Falconer, Warren Davis II (screenplay); Dominic Cooper, Austin Stowell, Gemma Chan, Thomas Kretschmann, Tyler Hoechlin, Tom Felton",Action Thriller
Sweet Country,"Warwick Thornton (director); David Tranter, Steven McGregor (screenplay); Bryan Brown, Sam Neill",Drama History Western
The Commuter,"Jaume Collet-Serra (director); Byron Willinger, Philip de Blasi (screenplay); Liam Neeson, Vera Farmiga, Patrick Wilson, Jonathan Banks, Elizabeth McGovern, Sam Neill",Action Thriller
Proud Mary,"Babak Najafi (director); John S. Newman, Christian Swegal (screenplay); Taraji P. Henson, Billy Brown, Danny Glover, Neal McDonough, Xander Berkeley, Margaret Avery",Thriller Action Crime
Acts of Violence,"Brett Donowho (director); Nicolas Aaron Mezzanatto (screenplay); Bruce Willis, Cole Hauser, Shawn Ashmore, Melissa Bolona, Mike Epps",Action
Freak Show,"Trudie Styler (director); Patrick J. Clifton, Beth Rigazio (screenplay); Alex Lawther, Abigail Breslin, Bette Midler, AnnaSophia Robb, Ian Nelson, Lorraine Toussaint, Laverne Cox",Comedy Drama
Humor Me,"Sam Hoffman (director/screenplay); Jemaine Clement, Elliott Gould, Ingrid Michaelson, Annie Potts, Priscilla Lopez, Bebe Neuwirth, Maria Dizzia",Comedy
Vazante,"Daniela Thomas (director/screenplay); Beto Amaral (screenplay); Adriano Carvalho, Luana Nastas",Drama
Mary and the Witch's Flower,"Hiromasa Yonebayashi (director/screenplay); Riko Sakaguchi (screenplay); Ruby Barnhill, Louis Ashbourne Serkis, Kate Winslet, Jim Broadbent, Teresa Gallagher, Ewen Bremner, Rasmus Hardiker, Morwenna Banks, Lynda Baron",Fantasy Adventure Animation
12 Strong,"Nicolai Fuglsig (director); Peter Craig, Ted Tally (screenplay); Chris Hemsworth, Michael Shannon, Michael Peña, Navid Negahban, Trevante Rhodes, Geoff Stults, Thad Luckinbill, Rob Riggle, William Fichtner",Drama Action History War
Den of Thieves,"Christian Gudegast (director/screenplay); Paul Scheuring (screenplay); Gerard Butler, 50 Cent, Pablo Schreiber, O'Shea Jackson Jr., Evan Jones, Dawn Olivieri, Mo McRae, Max Holloway",Action Thriller Crime
Forever My Girl,"Bethany Ashton Wolf (director/screenplay); Alex Roe, Jessica Rothe, John Benjamin Hickey",Romance Drama Music
Maze Runner: The Death Cure,"Wes Ball (director); T.S. Nowlin (screenplay); Dylan O'Brien, Kaya Scodelario, Thomas Brodie-Sangster, Ki Hong Lee, Giancarlo Esposito, Aidan Gillen, Walton Goggins, Barry Pepper, Will Poulter, Patricia Clarkson",Action Science Fiction
The Insult,"Ziad Doueiri (director/screenplay); Joelle Touma (screenplay); Adel Karam, Camille Salameh, Kamel El Basha",Comedy Crime
Please Stand By,"Ben Lewin (director); Michael Golamco (screenplay); Dakota Fanning, Toni Collette, Alice Eve",Comedy Drama
Winchester,"The Spierig Brothers (director/screenplay); Helen Mirren, Jason Clarke, Sarah Snook, Angus Sampson",Fantasy Mystery Thriller Horror
A Fantastic Woman,"Sebastián Lelio (director/screenplay); Gonzalo Maza (screenplay); Daniela Vega, Francisco Reyes",Drama
Armed,"Mario Van Peebles (director/screenplay); Mario Van Peebles, William Fichtner, Ryan Guzman, Columbus Short, Laz Alonso",Action Horror Thriller
The Cloverfield Paradox,"Julius Onah (director); Oren Uziel, Doug Jung (screenplay); Daniel Brühl, Elizabeth Debicki, Aksel Hennie, Gugu Mbatha-Raw, Chris O'Dowd, John Ortiz, David Oyelowo, Zhang Ziyi",Mystery Thriller Horror Science Fiction
Peter Rabbit,"Will Gluck (director/screenplay); Rob Lieber (screenplay); James Corden, Domhnall Gleeson, Rose Byrne, Daisy Ridley, Margot Robbie, Elizabeth Debicki, Sam Neill",Animation Adventure Family
Fifty Shades Freed,"James Foley (director); Niall Leonard (screenplay); Dakota Johnson, Jamie Dornan, Kim Basinger, Eric Johnson, Rita Ora, Luke Grimes, Victor Rasuk, Jennifer Ehle, Marcia Gay Harden",Drama Romance
The 15:17 to Paris,"Clint Eastwood (director); Dorothy Blyskal (screenplay); Anthony Sadler, Alek Skarlatos, Spencer Stone, Judy Greer, Jenna Fischer, Ray Corasani",Drama History Thriller
La Boda de Valentina,"Marco Polo Constandse (director); Omar Chaparro, Marimar Vega, Ryan Carnes",Comedy
Kri,"Surendra Poudel (director/screenplay); Anmol K.C., Aditi Budhathoki, Anoop Bikram Shahi",
Permission,"Brian Crano (director/screenplay); Rebecca Hall, Dan Stevens, Morgan Spector, David Joseph Craig, Gina Gershon, Jason Sudeikis",Comedy Romance Drama
Monster Family,"Holger Tappe (director); David Safier, Catharine Junk (screenplay); Emily Watson, Jason Isaacs, Nick Frost, Jessica Brown Findlay, Celia Imrie, Catherine Tate",
Golden Exits,"Alex Ross Perry (director/screenplay); Emily Browning, Adam Horowitz, Mary-Louise Parker, Jason Schwartzman, Chloë Sevigny, Analeigh Tipton",Drama
Black Panther,"Ryan Coogler (director/​screenplay); Joe Robert Cole (screenplay); Chadwick Boseman, Michael B. Jordan, Lupita Nyong'o, Danai Gurira, Martin Freeman, Daniel Kaluuya, Letitia Wright, Winston Duke, Angela Bassett, Forest Whitaker, Andy Serkis",Action Adventure Fantasy Science Fiction
Early Man,"Nick Park (director); Mark Burton, John O'Farrell (screenplay); Eddie Redmayne, Tom Hiddleston, Maisie Williams, Timothy Spall",Family Comedy Animation Adventure
Loveless,"Andrey Zvyagintsev (director); Oleg Negin, Andrey Zvyagintsev (screenplay); Maryana Spivak, Alexei Rozin, Matvey Novikov, Marina Vasilyeva, Andris Keišs",Drama
The Party,"Sally Potter (director/screenplay); Timothy Spall, Kristin Scott Thomas, Patricia Clarkson, Emily Mortimer, Cillian Murphy, Bruno Ganz",Comedy
Nostalgia,"Mark Pellington (director/screenplay); Alex Ross Perry (screenplay); Jon Hamm, Nick Offerman, Amber Tamblyn, Patton Oswalt, Catherine Keener, Ellen Burstyn, Bruce Dern, John Ortiz, James LeGros",Drama
Black '47,"Lance Daly (director); PJ Dillon, Pierce Ryan, Eugene O'Brien, & Lance Daly (screenplay); Hugo Weaving, Jim Broadbent, Stephen Rea, Freddie Fox, Moe Dunford, James Frecheville, Sarah Greene, Barry Keoghan",Drama Western
Samson,"Bruce Macdonald (director); Timothy Ratajczak, Jason Baumgardner (screenplay); Taylor James, Jackson Rathbone, Billy Zane, Caitlin Leahy, Rutger Hauer, Lindsay Wagner",Action Drama Adventure
Game Night,"Jonathan Goldstein, John Francis Daley (directors); Mark Perez (screenplay); Jason Bateman, Rachel McAdams, Kyle Chandler, Billy Magnussen, Sharon Horgan, Lamorne Morris, Kylie Bunbury, Jesse Plemons, Michael C. Hall",Mystery Comedy Crime
Annihilation,"Alex Garland (director/screenplay); Natalie Portman, Jennifer Jason Leigh, Gina Rodriguez, Tessa Thompson, Tuva Novotny, Oscar Isaac",Action Science Fiction Horror Mystery
Every Day,"Michael Sucsy (director); Jesse Andrews (screenplay); Angourie Rice, Maria Bello, Debby Ryan, Jacob Batalon, Justice Smith, Lucas Jade Zumann",Drama Fantasy Romance
The Cured,"David Freyne (director); Ellen Page, Sam Keeley, Tom Vaughan-Lawlor",Horror Drama Science Fiction
The Lodgers,"Brian O'Malley (director); David Turpin (screenplay); Charlotte Vega, Bill Milner, Eugene Simon, David Bradley, Deirdre O'Kane, Moe Dunford",Drama Horror Romance Thriller
Red Sparrow,"Francis Lawrence (director); Justin Haythe (screenplay); Jennifer Lawrence, Joel Edgerton, Matthias Schoenaerts, Charlotte Rampling, Mary-Louise Parker, Jeremy Irons",Mystery Thriller
Death Wish,"Eli Roth (director); Joe Carnahan (screenplay); Bruce Willis, Vincent D'Onofrio, Dean Norris, Kimberly Elise, Mike Epps, Elisabeth Shue, Camila Morrone",Action Crime Drama Thriller
The Vanishing of Sidney Hall,"Shawn Christensen (director/screenplay); Jason Dolan (screenplay); Logan Lerman, Elle Fanning, Michelle Monaghan, Nathan Lane, Kyle Chandler",Drama Mystery
Foxtrot,"Samuel Maoz (director/screenplay); Lior Ashkenazi, Sarah Adler, Yonatan Shiray",Comedy Drama War
Pickings,"Usher Morgan (director/screenplay); Elyse Price, Joel Bernard, Katie Vincent, Joe Trombino",Action Crime Thriller Drama Mystery
A Wrinkle in Time,"Ava DuVernay (director); Jennifer Lee (screenplay); Storm Reid, Oprah Winfrey, Reese Witherspoon, Mindy Kaling, Levi Miller, Deric McCabe, Chris Pine, Gugu Mbatha-Raw, Michael Peña, Zach Galifianakis",Adventure Science Fiction Family Fantasy
Gringo,"Nash Edgerton (director); Anthony Tambakis, Matthew Stone (screenplay); David Oyelowo, Charlize Theron, Joel Edgerton, Amanda Seyfried, Thandie Newton, Sharlto Copley",Comedy Action
Thoroughbreds,"Cory Finley (director/screenplay); Olivia Cooke, Anya Taylor-Joy, Anton Yelchin, Paul Sparks, Francie Swift",Drama Thriller
The Death of Stalin,"Armando Iannucci (director/screenplay); Steve Buscemi, Simon Russell Beale, Paddy Considine, Rupert Friend, Jason Isaacs, Michael Palin, Andrea Riseborough, Jeffrey Tambor",Comedy Drama History
The Leisure Seeker,"Paolo Virzì (director/screenplay); Francesca Archibugi, Francesco Piccolo, Stephen Amidon (screenplay); Donald Sutherland, Helen Mirren",Drama Romance Adventure
The Strangers: Prey at Night,"Johannes Roberts (director); Bryan Bertino, Ben Ketai (screenplay); Christina Hendricks, Martin Henderson, Bailee Madison, Lewis Pullman",Horror Thriller
The Hurricane Heist,"Rob Cohen (director/screenplay); Toby Kebbell, Maggie Grace, Ryan Kwanten, Melissa Bolona, Ralph Ineson",Action Crime Thriller
Tomb Raider,"Roar Uthaug (director); Geneva Robertson-Dworet (screenplay); Alicia Vikander, Dominic West, Walton Goggins, Daniel Wu, Kristin Scott Thomas, Derek Jacobi, Nick Frost, Hannah John-Kamen",Action Adventure Fantasy
"Love, Simon","Greg Berlanti (director); Isaac Aptaker, Elizabeth Berger (screenplay); Nick Robinson, Katherine Langford, Alexandra Shipp, Jorge Lendeborg Jr., Miles Heizer, Keiynan Lonsdale, Logan Miller, Jennifer Garner, Josh Duhamel, Tony Hale",Comedy Drama Romance
I Can Only Imagine,"Jon Erwin (director/screenplay); Andrew Erwin (co-director), Alex Cramer, Brent McCorkle (screenplay); Cloris Leachman, Dennis Quaid, Priscilla Shirer, Madeline Carroll, J. Michael Finley, Trace Adkins",Music Drama
7 Days in Entebbe,"José Padilha (director); Gregory Burke (screenplay); Rosamund Pike, Daniel Brühl, Vincent Cassel, Eddie Marsan, Ben Schnetzer",Thriller Drama Crime
Furlough,"Laurie Collyer (director); Barry Strugatz (screenplay); Melissa Leo, Tessa Thompson, La La Anthony, Whoopi Goldberg, Anna Paquin",Comedy
Josie,"Eric England (director), Anthony Ragnone II (screenplay); Sophie Turner, Dylan McDermott, Jack Kilmer",Thriller Drama
Flower,"Max Winkler (director), Alex McAulay (screenplay); Zoey Deutch, Kathryn Hahn, Tim Heidecker, Joey Morgan, Adam Scott",Drama Comedy
Pacific Rim: Uprising,"Steven S. DeKnight (director/screenplay); Emily Carmichael, Kira Snyder, T.S. Nowlin (screenplay); John Boyega, Scott Eastwood, Cailee Spaeny, Charlie Day, Burn Gorman, Rinko Kikuchi, Jing Tian, Adria Arjona, Zhang Jin",Action Fantasy Science Fiction Adventure
Isle of Dogs,"Wes Anderson (director/screenplay); Bryan Cranston, Edward Norton, Bill Murray, Jeff Goldblum, Bob Balaban, Greta Gerwig, Frances McDormand, Courtney B. Vance, Fisher Stevens, Harvey Keitel, Liev Schreiber, Scarlett Johansson, Tilda Swinton, F. Murray Abraham, Frank Wood",Adventure Comedy Animation
Sherlock Gnomes,"John Stevenson (director); Ben Zazove (screenplay); James McAvoy, Emily Blunt, Johnny Depp, Chiwetel Ejiofor, Mary J. Blige, Michael Caine, Maggie Smith, Ashley Jensen, Matt Lucas, Stephen Merchant, Julie Walters, Richard Wilson",Animation Family Fantasy Comedy Adventure Mystery
Unsane,"Steven Soderbergh (director); Jonathan Bernstein, James Greer (screenplay); Claire Foy, Joshua Leonard, Jay Pharoah, Juno Temple, Aimee Mullins, Amy Irving",Horror Thriller
"Paul, Apostle of Christ","Andrew Hyatt (director/screenplay); James Faulkner, Jim Caviezel, Olivier Martinez, Joanne Whalley, John Lynch",History Drama
Final Portrait,"Stanley Tucci (director/screenplay); Geoffrey Rush, Armie Hammer, Clémence Poésy, Tony Shalhoub, James Faulkner, Sylvie Testud",Drama History
Midnight Sun,"Scott Speer (director); Eric Kirsten (screenplay); Bella Thorne, Patrick Schwarzenegger, Rob Riggle, Quinn Shephard",Romance Drama
Followers,"Ryan Justice (director/screenplay); Ian Longen, Jason Henne (screenplay); Amanda Delaney, Justin Maina, Sean Michael Gloria, Nishant Gogna, David E. McMahon",Thriller
Ready Player One,"Steven Spielberg (director); Ernest Cline, Zak Penn (screenplay); Tye Sheridan, Olivia Cooke, Ben Mendelsohn, Lena Waithe, T.J. Miller, Simon Pegg, Mark Rylance, Win Morisaki, Philip Zhao, Hannah John-Kamen",Adventure Science Fiction
Tyler Perry's Acrimony,"Tyler Perry (director/screenplay); Taraji P. Henson, Lyriq Bent, Tika Sumpter",Thriller
God's Not Dead: A Light in Darkness,"Michael Mason (director/screenplay); David A. R. White, John Corbett, Shane Harper, Benjamin Onyango, Ted McGinley, Jennifer Taylor, Tatum O'Neal, Shwayze, Cissy Houston",Drama
Gemini,"Aaron Katz (director/screenplay); Lola Kirke, Zoë Kravitz, Greta Lee, Michelle Forbes, Nelson Franklin, Reeve Carney, Jessica Parker Kennedy, James Ransone, Ricki Lake, John Cho",Action Drama Science Fiction Thriller
The Last Movie Star,"Adam Rifkin (director/screenplay); Burt Reynolds, Ariel Winter, Clark Duke, Ellar Coltrane, Chevy Chase",Drama
A Quiet Place,"John Krasinski (director/screenplay); Scott Beck, Bryan Woods (screenplay); John Krasinski, Emily Blunt, Millicent Simmonds, Noah Jupe",Horror Drama Science Fiction
Blockers,"Kay Cannon (director); Eben Russell, Jon Hurwitz, Hayden Schlossberg, Brian Kehoe, Jim Kehoe (screenplay); Leslie Mann, Ike Barinholtz, John Cena, Kathryn Newton, Graham Phillips, June Diane Raphael, Hannibal Buress, Sarayu Blue",Comedy
You Were Never Really Here,"Lynne Ramsay (director/screenplay); Joaquin Phoenix, Ekaterina Samsonov, Alex Manette, John Doman, Judith Roberts",Thriller Drama
Chappaquiddick,"John Curran (director); Taylor Allen, Andrew Logan (screenplay); Jason Clarke, Kate Mara, Ed Helms, Bruce Dern, Jim Gaffigan, Taylor Nichols",Drama Thriller History
Pandas,"Drew Fellman, David Douglas (directors); Drew Fellman (screenplay); Kristen Bell",Documentary
Lean on Pete,"Andrew Haigh (director/screenplay); Charlie Plummer, Chloë Sevigny, Travis Fimmel, Steve Buscemi",Drama Adventure
The Miracle Season,"Sean McNamara (director); David Aaron Cohen, Elissa Matsueda (screenplay); Helen Hunt, William Hurt, Erin Moriarty, Danika Yarosh",Drama
Beirut,"Brad Anderson (director); Tony Gilroy (screenplay); Jon Hamm, Rosamund Pike, Dean Norris, Shea Whigham, Larry Pine, Mark Pellegrino",Action Thriller Drama
Rampage,"Brad Peyton (director); Ryan Engle (screenplay); Dwayne Johnson, Naomie Harris, Malin Åkerman, Jake Lacy, Marley Shelton, Joe Manganiello, Jeffrey Dean Morgan",Action Adventure Science Fiction
Truth or Dare,"Jeff Wadlow (director/screenplay); Michael Reisz, Chris Roach, Jillian Jacobs (screenplay); Lucy Hale, Tyler Posey, Violett Beane, Nolan Gerard Funk, Hayden Szeto, Sophia Taylor Ali",Thriller Horror
The Rider,Chloé Zhao (director/screenplay); Brady Jandreau,Drama Western
Sgt. Stubby: An American Hero,"Richard Lanni (director/screenplay); Mike Stokey (screenplay); Logan Lerman, Helena Bonham Carter, Gérard Depardieu",Animation Adventure Family History War
I Feel Pretty,"Abby Kohn, Marc Silverstein (director/screenplay); Amy Schumer, Michelle Williams, Emily Ratajkowski, Rory Scovel",Comedy Romance
Super Troopers 2,"Jay Chandrasekhar (director); Broken Lizard (screenplay); Jay Chandrasekhar, Paul Soter, Steve Lemme, Erik Stolhanske, Kevin Heffernan",Comedy Crime Mystery
Traffik,"Deon Taylor (director/screenplay); Paula Patton, Omar Epps, Missi Pyle, William Fichtner, Roselyn Sanchez, Dawn Olivieri, Laz Alonso",Thriller Horror
The House of Tomorrow,"Peter Livolsi (director/screenplay); Asa Butterfield, Nick Offerman, Ellen Burstyn, Alex Wolff, Maude Apatow",Drama
Liz and the Blue Bird,"Naoko Yamada (director); Reiko Yoshida (screenplay); Atsumi Tanezaki, Nao Tōyama",Animation Drama Music
Avengers: Infinity War,"Anthony Russo and Joe Russo (directors); Christopher Markus and Stephen McFeely (screenplay); Robert Downey Jr., Chris Hemsworth, Mark Ruffalo, Chris Evans, Scarlett Johansson, Benedict Cumberbatch, Don Cheadle, Tom Holland, Chadwick Boseman, Paul Bettany, Elizabeth Olsen, Anthony Mackie, Sebastian Stan, Danai Gurira, Letitia Wright, Dave Bautista, Zoe Saldana, Pom Klementieff, Karen Gillan, Benedict Wong, Idris Elba, Peter Dinklage, Tom Hiddleston, Vin Diesel, Bradley Cooper, Gwyneth Paltrow, Benicio del Toro, Josh Brolin, Chris Pratt",Adventure Action Science Fiction
Disobedience,"Sebastián Lelio (director/screenplay); Rebecca Lenkiewicz (screenplay); Rachel Weisz, Rachel McAdams, Alessandro Nivola",Drama Romance
Backstabbing for Beginners,"Per Fly (director); Daniel Pyne, Per Fly (screenplay); Ben Kingsley, Theo James, Jacqueline Bisset",Thriller Drama History
Kings,"Deniz Gamze Ergüven (director/screenplay); Halle Berry, Daniel Craig",Adventure Drama Action
Overboard,"Rob Greenberg, Bob Fisher (directors/screenplay); Anna Faris, Eugenio Derbez, Eva Longoria, John Hannah, Josh Segarra, Mel Rodriguez",Romance Comedy
Tully,"Jason Reitman (director); Diablo Cody (screenplay); Charlize Theron, Mackenzie Davis, Mark Duplass, Ron Livingston",Drama
Bad Samaritan,"Dean Devlin (director); Brandon Boyce (screenplay); David Tennant, Robert Sheehan, Carlito Olivero, Kerry Condon, Jacqueline Byers",Thriller Crime Horror
The Cleanse,"Bobby Miller (director/screenplay); Johnny Galecki, Anna Friel, Oliver Platt, Anjelica Huston",Drama Comedy Fantasy
The Guardians,Xavier Beauvois (director/screenplay); Nathalie Baye,Animation Family Fantasy Action Adventure
Life of the Party,"Ben Falcone (director/screenplay); Melissa McCarthy (screenplay); Melissa McCarthy, Maya Rudolph, Molly Gordon, Julie Bowen, Gillian Jacobs, Debby Ryan, Matt Walsh, Jacki Weaver",Comedy
Breaking In,"James McTeigue (director); Ryan Engle (screenplay); Gabrielle Union, Billy Burke, Richard Cabral, Seth Carr, Levi Meaden, Ajiona Alexus, Christa Miller",Thriller Crime Action Horror
The Seagull,"Michael Mayer (director); Stephen Karam (screenplay); Saoirse Ronan, Annette Bening, Corey Stoll, Billy Howle",Drama Romance Comedy
Terminal,"Vaughn Stein (director/screenplay); Margot Robbie, Simon Pegg, Dexter Fletcher, Max Irons, Mike Myers",Comedy Drama
Revenge,"Coralie Fargeat (director/screenplay); Matilda Lutz, Kevin Janssens, Vincent Colombe, Guillaume Bouchède",Fantasy Action Adventure Animation
Deadpool 2,"David Leitch (director); Rhett Reese, Paul Wernick, Ryan Reynolds (screenplay); Ryan Reynolds, Josh Brolin, Zazie Beetz, Julian Dennison, Morena Baccarin, T. J. Miller, Brianna Hildebrand, Stefan Kapičić, Jack Kesy",Action Comedy Adventure
Book Club,"Bill Holderman (director/screenplay); Erin Simms (screenplay); Jane Fonda, Candice Bergen, Mary Steenburgen, Diane Keaton",Comedy Romance Drama
First Reformed,"Paul Schrader (director/screenplay); Ethan Hawke, Amanda Seyfried, Cedric Kyles",Drama
Pope Francis: A Man of His Word,Wim Wenders (director); Pope Francis,Documentary
Show Dogs,"Raja Gosnell (director); Max Botkin (screenplay); Will Arnett, Natasha Lyonne, Ludacris, Stanley Tucci, Shaquille O'Neal, Gabriel Iglesias, Alan Cumming, Oliver Tompsett, Andy Beckwith",Adventure Crime Family Comedy
Solo: A Star Wars Story,"Ron Howard (director); Lawrence Kasdan, Jon Kasdan (screenplay); Alden Ehrenreich, Woody Harrelson, Emilia Clarke, Donald Glover, Thandie Newton, Phoebe Waller-Bridge, Joonas Suotamo, Paul Bettany",Adventure Science Fiction
How to Talk to Girls at Parties,"John Cameron Mitchell (director); Philippa Goslett, John Cameron Mitchell (screenplay); Elle Fanning, Alex Sharp, Nicole Kidman, Ruth Wilson, Matt Lucas",Comedy Music Romance Science Fiction
In Darkness,"Anthony Byrne (director); Anthony Byrne, Natalie Dormer (screenplay); Natalie Dormer, Emily Ratajkowski, Ed Skrein, Joely Richardson, Neil Maskell, James Cosmo, Jan Bijvoet",Thriller Mystery
The Misandrists,"Bruce LaBruce (director); Bruce LaBruce (screenplay); Susanne Sachße, Viva Ruiz, Kembra Pfahler, Caprice Crawford, Grete Gehrke",Drama
Future World,"James Franco, Bruce Thierry Cheung (director); Bruce Thierry Cheung, Jeremy Cheung, Jay Davis (screenplay); James Franco, Suki Waterhouse, Jeffrey Wahlberg, Margarita Levieva, Snoop Dogg, George Lewis Jr., Method Man, Lucy Liu, Milla Jovovich",Science Fiction
Action Point,"Tim Kirkby (director); Johnny Knoxville (screenplay); Johnny Knoxville, Chris Pontius",Comedy Drama
Adrift,"Baltasar Kormákur (director); Aaron Kandell, Jordan Kandell, David Branson Smith (screenplay); Shailene Woodley, Sam Claflin",Thriller Romance Adventure
Upgrade,"Leigh Whannell (director/screenplay); Logan Marshall-Green, Betty Gabriel, Harrison Gilbertson, Melanie Vallejo, Benedict Hardie, Linda Cropper, Simon Maiden",Action Thriller Science Fiction
American Animals,"Bart Layton (director/screenplay); Evan Peters, Barry Keoghan, Blake Jenner, Jared Abrahamson, Udo Kier, Ann Dowd",Drama Crime Documentary
Social Animals,"Theresa Bennett (director/screenplay); Noël Wells, Josh Radnor, Aya Cash, Carly Chaikin, Fortune Feimster, Samira Wiley",Comedy Romance
Ocean's 8,"Gary Ross (director/screenplay); Olivia Milch (screenplay); Sandra Bullock, Cate Blanchett, Anne Hathaway, Mindy Kaling, Sarah Paulson, Awkwafina, Rihanna, Helena Bonham Carter",Crime Comedy Action Thriller
Won't You Be My Neighbor?,Morgan Neville (director); Fred Rogers,Documentary
Hereditary,"Ari Aster (director/screenplay); Toni Collette, Alex Wolff, Milly Shapiro, Ann Dowd, Gabriel Byrne",Horror Mystery Thriller
Hotel Artemis,"Drew Pearce (director/screenplay); Jodie Foster, Sterling K. Brown, Sofia Boutella, Jeff Goldblum, Dave Bautista, Brian Tyree Henry, Jenny Slate, Zachary Quinto, Charlie Day",Thriller Science Fiction Action
Superfly,"Director X (director); Alex Tse (screenplay); Trevor Jackson, Jason Mitchell, Michael K. Williams, Esai Morales",Action Crime
Incredibles 2,"Brad Bird (director/screenplay); Craig T. Nelson, Holly Hunter, Sarah Vowell, Huckleberry Milner, Samuel L. Jackson, Bob Odenkirk, Catherine Keener, Jonathan Banks",Action Adventure Animation Family
Tag,"Jeff Tomsic (director); Rob McKittrick, Mark Steilen (screenplay); Ed Helms, Jeremy Renner, Jon Hamm, Jake Johnson, Hannibal Buress, Annabelle Wallis, Isla Fisher, Rashida Jones, Leslie Bibb",Comedy Drama
On Chesil Beach,"Dominic Cooke (director); Ian McEwan (screenplay); Saoirse Ronan, Billy Howle, Emily Watson, Anne-Marie Duff, Samuel West, Adrian Scarborough",Drama Romance
Gotti,"Kevin Connolly (director); Lem Dobbs, Leo Rossi (screenplay); John Travolta, Kelly Preston, Stacy Keach, Pruitt Taylor Vince, Spencer Lofranco, William DeMeo, Leo Rossi, Victor Gojcaj",Crime Drama History Thriller
Jurassic World: Fallen Kingdom,"J.A. Bayona (director); Derek Connolly, Colin Trevorrow (screenplay); Chris Pratt, Bryce Dallas Howard, Rafe Spall, Justice Smith, Daniella Pineda, James Cromwell, Toby Jones, Ted Levine, B. D. Wong, Isabella Sermon, Geraldine Chaplin, Jeff Goldblum",Action Adventure Science Fiction
Boundaries,"Shana Feste (director/screenplay); Vera Farmiga, Christopher Plummer, Lewis MacDougall, Bobby Cannavale, Kristen Schaal",Comedy Drama
Damsel,"David Zellner, Nathan Zellner (directors/screenplay); Robert Pattinson, Mia Wasikowska",Comedy Western
The Domestics,"Mike P. Nelson (director/screenplay); Tyler Hoechlin, Kate Bosworth, Lance Reddick, Sonoya Mizuno, Dana Gourrier, Thomas Francis Murray, David Dastmalchian",Thriller Horror
Sicario: Day of the Soldado,"Stefano Sollima (director); Taylor Sheridan (screenplay); Benicio del Toro, Josh Brolin, Isabela Moner, Jeffrey Donovan, Manuel Garcia-Rulfo, Catherine Keener",Action Crime Drama Thriller
Leave No Trace,"Debra Granik (director/screenplay); Anne Rosellini (screenplay); Ben Foster, Thomasin McKenzie, Jeff Kober, Dale Dickey",Drama
Uncle Drew,"Charles Stone III (director); Jay Longino (screenplay); Kyrie Irving, Lil Rel Howery, Shaquille O'Neal, Reggie Miller, Nate Robinson, Chris Webber, Erica Ash, Lisa Leslie, Nick Kroll, Tiffany Haddish",Comedy
Woman Walks Ahead,"Susanna White (director); Steven Knight (screenplay); Jessica Chastain, Michael Greyeyes, Chaske Spencer, Sam Rockwell",Drama History Western
The First Purge,"Gerard McMurray (director); James DeMonaco (screenplay); Y'lan Noel, Lex Scott Davis, Joivan Wade, Luna Lauren Velez, Marisa Tomei",Action Science Fiction Thriller Horror
Ant-Man and the Wasp,"Peyton Reed (director); Chris McKenna, Erik Sommers, Paul Rudd, Andrew Barrer, Gabriel Ferrari (screenplay); Paul Rudd, Evangeline Lilly, Michael Peña, Michael Douglas, Michelle Pfeiffer, Walton Goggins, Hannah John-Kamen, Bobby Cannavale, Judy Greer, Tip ""T.I."" Harris, David Dastmalchian, Abby Ryder Fortson, Randall Park, Laurence Fishburne",Action Adventure Science Fiction Comedy
Sorry to Bother You,"Boots Riley (director/screenplay); Lakeith Stanfield, Tessa Thompson, Armie Hammer, Steven Yeun, Jermaine Fowler, Omari Hardwick, Terry Crews, Danny Glover, Patton Oswalt, David Cross",Fantasy Science Fiction Comedy
Whitney,Kevin MacDonald (director/screenplay); Whitney Houston,Documentary
Hotel Transylvania 3: Summer Vacation,"Genndy Tartakovsky (director/screenplay); Michael McCullers (screenplay); Adam Sandler, Andy Samberg, Selena Gomez, Kevin James, Fran Drescher, Steve Buscemi, Molly Shannon, David Spade, Keegan-Michael Key, Jim Gaffigan, Kathryn Hahn, Mel Brooks",Family Fantasy Comedy Animation
Skyscraper,"Rawson Marshall Thurber (director/screenplay); Dwayne Johnson, Neve Campbell, Chin Han, Roland Møller, Pablo Schreiber, Byron Mann, Hannah Quinlivan, Noah Taylor",Action
Eighth Grade,"Bo Burnham (director/screenplay); Elsie Fisher, Josh Hamilton, Emily Robinson, Missy Yager",Comedy Drama
"Don't Worry, He Won't Get Far on Foot","Gus Van Sant (director/screenplay); Joaquin Phoenix, Rooney Mara, Jonah Hill, Jack Black",Comedy Drama
Shock and Awe,"Rob Reiner (director); Joey Hartstone (screenplay); Woody Harrelson, Tommy Lee Jones, James Marsden, Milla Jovovich, Jessica Biel, Richard Schiff, Al Sapienza",Drama History Thriller
Mamma Mia! Here We Go Again,"Ol Parker (director/screenplay); Lily James, Amanda Seyfried, Pierce Brosnan, Colin Firth, Stellan Skarsgård, Julie Walters, Christine Baranski, Dominic Cooper, Cher, Andy García, Meryl Streep",Comedy Romance
The Equalizer 2,"Antoine Fuqua (director); Richard Wenk (screenplay); Denzel Washington, Ashton Sanders, Pedro Pascal, Melissa Leo, Bill Pullman",Action Thriller Crime
Blindspotting,"Carlos López Estrada (director); Daveed Diggs, Rafael Casal (screenplay); Janina Gavankar, Ethan Embry, Daveed Diggs, Rafael Casal, Wayne Knight",Comedy Drama
Unfriended: Dark Web,"Stephen Susco (director/screenplay); Colin Woodell, Rebecca Rittenhouse, Betty Gabriel, Andrew Lees, Connor Del Rio, Stephanie Nogueras, Savira Windyani",Horror Mystery Thriller
Bleach,"Shinsuke Sato (director); Sota Fukushi, Hana Sugisaki",Action Fantasy Adventure
Gauguin – Voyage de Tahiti,"Édouard Deluc (director/screenplay); Étienne Comar (screenplay); Vincent Cassel, Tuheï Adams, Malik Zidi",Drama Romance
Mission: Impossible – Fallout,"Christopher McQuarrie (director/screenplay); Tom Cruise, Henry Cavill, Ving Rhames, Simon Pegg, Rebecca Ferguson, Sean Harris, Angela Bassett, Michelle Monaghan, Alec Baldwin",Action Adventure
Teen Titans Go! To the Movies,"Peter Rida Michail (director); Aaron Horvath (co-director/screenplay); Michael Jelenic (screenplay); Scott Menville, Khary Payton, Tara Strong, Greg Cipes, Hynden Walch, Will Arnett, Kristen Bell",Animation Action Comedy Science Fiction
Detective Dee: The Four Heavenly Kings,"Tsui Hark (director), Chang Chia-lu, Chen Kuo-Fu (screenplay), Mark Chao, Feng Shaofeng, Lin Gengxin, Carina Lau, Ethan Juan, Sandra Ma",Mystery Fantasy Adventure Action
Hot Summer Nights,"Elijah Bynum (director/screenplay); Timothée Chalamet, Maika Monroe, Alex Roe, Maia Mitchell",Drama Comedy
Puzzle,"Marc Turtletaub (director); Oren Moverman (screenplay); Kelly Macdonald, Irrfan Khan, David Denman, Bubba Weiler, Austin Abrams, Liv Hewson",Drama
Christopher Robin,"Marc Forster (director); Tom McCarthy, Alex Ross Perry, Allison Schroeder (screenplay); Ewan McGregor, Hayley Atwell, Jim Cummings, Brad Garrett, Nick Mohammed, Peter Capaldi, Sophie Okonedo, Toby Jones",Adventure Comedy Family Fantasy
The Darkest Minds,"Jennifer Yuh Nelson (director); Chad Hodge (screenplay); Amandla Stenberg, Mandy Moore, Harris Dickinson, Gwendoline Christie",Science Fiction Action Drama Romance Adventure Thriller
The Spy Who Dumped Me,"Susanna Fogel (director/screenplay); David Iserson (screenplay); Mila Kunis, Kate McKinnon, Justin Theroux, Sam Heughan, Gillian Anderson",Action Comedy
The Miseducation of Cameron Post,"Desiree Akhavan (director); Desiree Akhavan, Cecilia Frugiuele (screenplay); Chloë Grace Moretz, Sasha Lane, John Gallagher, Jr., Forrest Goodluck, Jennifer Ehle",Drama
Never Goin' Back,"Augustine Frizzell (director/screenplay); Maia Mitchell, Camila Morrone, Kyle Mooney, Joel Allen, Kendal Smith, Matthew Holcomb",Comedy
Dog Days,"Ken Marino (director); Elissa Matsueda, Erica Oyama (screenplay); Nina Dobrev, Finn Wolfhard, Vanessa Hudgens, Adam Pally, Eva Longoria",Comedy Romance Drama
The Meg,"Jon Turteltaub (director); Dean Georgaris, Jon Hoeber, Erich Hoeber (screenplay); Jason Statham, Li Bingbing, Rainn Wilson, Ruby Rose, Winston Chao, Cliff Curtis",Action Science Fiction Horror
BlacKkKlansman,"Spike Lee (director); Spike Lee, David Rabinowitz, Charlie Wachtel, Kevin Willmott (screenplay); John David Washington, Adam Driver, Laura Harrier, Topher Grace",Crime Drama History Comedy
Slender Man,"Sylvain White (director); David Birke (screenplay); Joey King, Julia Goldani Telles, Jaz Sinclair, Annalise Basso, Javier Botet",Mystery Thriller Horror
A Prayer Before Dawn,"Jean-Stéphane Sauvaire (director); Jonathan Hirschbein, Nick Saltrese (screenplay); Joe Cole",Drama Action Crime
Crazy Rich Asians,"Jon M. Chu (director); Peter Chiarelli, Adele Lim (screenplay); Constance Wu, Henry Golding, Gemma Chan, Awkwafina, Lisa Lu, Ken Jeong, Michelle Yeoh",Comedy Drama Romance
Alpha,"Albert Hughes (director); Dan Wiedenhaupt (screenplay); Kodi Smit-McPhee, Leonor Varela, Jens Hultén",Adventure Drama
Mile 22,"Peter Berg (director); Graham Roland, Lea Carpenter (screenplay); Mark Wahlberg, John Malkovich, Lauren Cohan, Iko Uwais, Ronda Rousey",Action Thriller
The Wife,"Björn Runge (director); Jane Anderson (screenplay); Glenn Close, Jonathan Pryce, Christian Slater, Max Irons, Annie Starke, Harry Lloyd, Elizabeth McGovern",Drama
Billionaire Boys Club,"James Cox (director); James Cox, Captain Mauzner (screenplay); Ansel Elgort, Taron Egerton, Kevin Spacey, Jeremy Irvine, Cary Elwes, Emma Roberts, Billie Lourd, Suki Waterhouse, Judd Nelson",Drama Thriller
"Juliet, Naked","Jesse Peretz (director); Tamara Jenkins, Phil Alden Robinson, Jim Taylor (screenplay); Ethan Hawke, Rose Byrne",Comedy Drama Romance
Down a Dark Hall,"Rodrigo Cortés (director); Michael Goldbach, Chris Sparling (screenplay); AnnaSophia Robb, Uma Thurman, Isabelle Fuhrman, Kirsty Mitchell, Taylor Russell, Jim Sturgeon, Victoria Moroles",Thriller Drama Fantasy Horror
The Happytime Murders,"Brian Henson (director); Todd Berger (screenplay); Melissa McCarthy, Maya Rudolph, Joel McHale, Elizabeth Banks",Action Comedy Crime
Searching,"Aneesh Chaganty (director/screenplay); Sev Ohanian (screenplay); John Cho, Debra Messing",Thriller Mystery Drama
Papillon,"Michael Noer (director); Aaron Guzikowski (screenplay); Charlie Hunnam, Rami Malek",Drama History Crime
A.X.L.,"Oliver Daly (director/screenplay); Alex Neustaedter, Becky G, Alex MacNicoll, Thomas Jane, Lou Taylor Pucci, Patricia de Leon",Science Fiction Action Adventure Family
Operation Finale,"Chris Weitz (director); Matthew Orton (screenplay); Oscar Isaac, Ben Kingsley, Lior Raz, Mélanie Laurent, Nick Kroll, Joe Alwyn",Drama History Thriller
Kin,"Jonathan Baker, Josh Baker (director/screenplay); Daniel Casey (screenplay); Myles Truitt, Jack Reynor, Zoë Kravitz, Carrie Coon, Dennis Quaid, James Franco",Science Fiction Action
The Little Stranger,"Lenny Abrahamson (director); Lucinda Coxon (screenplay); Domhnall Gleeson, Ruth Wilson, Will Poulter, Charlotte Rampling, Alison Pargeter",Mystery Drama Horror History
Destination Wedding,"Victor Levin (director/screenplay); Winona Ryder, Keanu Reeves",Romance Comedy Drama
The Nun,"Corin Hardy (director); Gary Dauberman (screenplay); Demián Bichir, Taissa Farmiga, Jonas Bloquet, Charlotte Hope, Ingrid Bisu, Bonnie Aarons",Horror Mystery Thriller
Peppermint,"Pierre Morel (director); Chad St. John (screenplay); Jennifer Garner, John Ortiz, Juan Pablo Raba, John Gallagher Jr., Annie Ilonzeh, Richard Cabral",Action Thriller
The Predator,"Shane Black (director/screenplay); Fred Dekker (screenplay); Boyd Holbrook, Trevante Rhodes, Jacob Tremblay, Keegan-Michael Key, Olivia Munn, Thomas Jane, Alfie Allen, Sterling K. Brown",Science Fiction Action Thriller Adventure Horror Comedy
White Boy Rick,"Yann Demange (director); Logan Miller, Steve Kloves, Noah Miller, Andy Weiss (screenplay); Matthew McConaughey, Richie Merritt, Bel Powley, Jennifer Jason Leigh, Brian Tyree Henry, Rory Cochrane, RJ Cyler, Jonathan Majors, Eddie Marsan, Bruce Dern, Piper Laurie",Crime Drama
A Simple Favor,"Paul Feig (director/screenplay); Jessica Sharzer (screenplay); Anna Kendrick, Blake Lively, Henry Golding, Andrew Rannells",Crime Comedy Mystery Drama Thriller
The Children Act,"Richard Eyre (director); Ian McEwan (screenplay); Emma Thompson, Stanley Tucci, Fionn Whitehead",Drama
Lizzie,"Craig William Macneill (director); Bryce Kass (screenplay); Chloë Sevigny, Kristen Stewart, Jay Huguley, Fiona Shaw, Jamey Sheridan, Kim Dickens, Denis O'Hare, Jeff Perry",Crime Drama Thriller
Unbroken: Path to Redemption,"Harold Cronk (director); Richard Friedenberg, Ken Hixon (screenplay); Samuel Hunt, Merritt Patterson, Vanessa Bell Calloway, Bobby Campo, David DeLuise, David Sakurai, WIll Graham",Drama
The House with a Clock in Its Walls,"Eli Roth (director); Eric Kripke (screenplay); Jack Black, Cate Blanchett, Owen Vaccaro, Kyle MacLachlan, Renée Elise Goldsberry, Sunny Suljic, Vanessa Anne Williams, Colleen Camp",Fantasy Family Comedy
Life Itself,"Dan Fogelman (director/screenplay); Oscar Isaac, Olivia Wilde, Mandy Patinkin, Olivia Cooke, Laia Costa, Annette Bening, Antonio Banderas",Drama Romance
The Sisters Brothers,"Jacques Audiard (director); Jacques Audiard, Thomas Bidegain (screenplay); John C. Reilly, Joaquin Phoenix, Jake Gyllenhaal, Riz Ahmed",Western Drama Adventure
Assassination Nation,"Sam Levinson (director/screenplay); Odessa Young, Suki Waterhouse, Hari Nef, Abra, Bella Thorne, Bill Skarsgård, Cody Christian, Joel McHale, Maude Apatow, Colman Domingo, Anika Noni Rose",Thriller Comedy Horror
Colette,"Wash Westmoreland (director/screenplay); Richard Glatzer (screenplay); Keira Knightley, Dominic West",Drama History
Fahrenheit 11/9,Michael Moore (director/screenplay),Documentary
My Son,"Christian Carion (director/screenplay); Guillaume Canet, Melanie Laurent",Crime Drama Thriller
"Love, Gilda",Lisa Dapolito (director); Gilda Radner,Documentary
My Hero Academia: Two Heroes,"Kenji Nagasaki (director); Yōsuke Kuroda (screenplay); Justin Briner, Christopher R. Sabat, Clifford Chapin, Luci Christian, J. Michael Tatum, David Matranga",Animation Action Comedy Fantasy Adventure
Smallfoot,"Karey Kirkpatrick (director/screenplay); Clare Sera (screenplay); Channing Tatum, James Corden, Zendaya, Common, LeBron James, Gina Rodriguez, Danny DeVito, Yara Shahidi, Ely Henry, Jimmy Tatro",Animation Family Adventure Fantasy
Night School,"Malcolm D. Lee (director); Kevin Hart, Harry Ratchford, Joey Wells, Matt Kellard, Nicholas Stoller (screenplay); Kevin Hart, Tiffany Haddish, Rob Riggle, Romany Malco",Comedy
The Old Man & the Gun,"David Lowery (director/screenplay); Robert Redford, Casey Affleck, Danny Glover, Tika Sumpter, Tom Waits, Sissy Spacek",Comedy Crime Drama
Hell Fest,"Gregory Plotkin (director); William Penick, Chris Sey (screenplay); Bex Taylor-Klaus, Amy Forsyth, Reign Edwards, Christian James, Matt Mercurio, Roby Attal",Horror
Power of the Air,"Dave Christiano (director/screenplay); Nicholas X. Parsons, Patty Duke, Michael Gross, Tracy Goode, Karyn Williams, Wendell Kinney, Veryl Jones",
Venom,"Ruben Fleischer (director); Jeff Pinkner, Scott Rosenberg, Kelly Marcel (screenplay); Tom Hardy, Michelle Williams, Riz Ahmed, Scott Haze, Reid Scott, Jenny Slate",Science Fiction Action
A Star Is Born,"Bradley Cooper (director/screenplay); Eric Roth, Will Fetters (screenplay); Bradley Cooper, Lady Gaga, Sam Elliott, Dave Chappelle, Andrew Dice Clay, Anthony Ramos, Rafi Gavron, Greg Grunberg",Drama Romance Music
The Hate U Give,"George Tillman Jr. (director); Audrey Wells (screenplay); Amandla Stenberg, Regina Hall, Russell Hornsby, KJ Apa, Algee Smith, Lamar Johnson, Issa Rae, Sabrina Carpenter, Common, Anthony Mackie",Crime Drama
The Happy Prince,"Rupert Everett (director/screenplay); Rupert Everett, Colin Firth, Colin Morgan, Emily Watson",Drama
First Man,"Damien Chazelle (director); Josh Singer (screenplay); Ryan Gosling, Claire Foy, Jason Clarke, Kyle Chandler, Corey Stoll, Ciaran Hinds, Christopher Abbott, Patrick Fugit, Lukas Haas",History Drama
Bad Times at the El Royale,"Drew Goddard (director/screenplay); Jeff Bridges, Cynthia Erivo, Dakota Johnson, Jon Hamm, Cailee Spaeny, Lewis Pullman, Nick Offerman, Chris Hemsworth",Thriller Drama Mystery
Goosebumps 2: Haunted Halloween,"Ari Sandel (director); Rob Lieber (screenplay); Wendi McLendon-Covey, Madison Iseman, Jeremy Ray Taylor, Caleel Harris, Chris Parnell, Ken Jeong, Jack Black",Adventure Comedy Fantasy Family Horror
Beautiful Boy,"Felix van Groeningen (director/screenplay); Luke Davies (screenplay); Steve Carell, Timothée Chalamet, Maura Tierney, Amy Ryan",Drama
The Oath,"Ike Barinholtz (director/screenplay); Ike Barinholtz, Tiffany Haddish, Nora Dunn, Chris Ellis, Jon Barinholtz, Meredith Hagner, Carrie Brownstein, Billy Magnussen, John Cho",Comedy
Gosnell: The Trial of America's Biggest Serial Killer,"Nick Searcy (director); Earl Billings, Dean Cain, Sarah Jane Morris, Michael Beach",Drama Crime
Halloween,"David Gordon Green (director/screenplay); Jeff Fradley, Danny McBride (screenplay); Jamie Lee Curtis, Judy Greer, Andi Matichak, Will Patton, Virginia Gardner",Animation Family Mystery Comedy Crime
Can You Ever Forgive Me?,"Marielle Heller (director); Nicole Holofcener, Jeff Whitty (screenplay); Melissa McCarthy, Richard E. Grant",Drama Crime Comedy
Mid90s,"Jonah Hill (director/screenplay); Sunny Suljic, Lucas Hedges, Katherine Waterston",Drama
Wildlife,"Paul Dano (director/screenplay); Zoe Kazan (screenplay); Carey Mulligan, Jake Gyllenhaal, Ed Oxenbould, Bill Camp",Drama
What They Had,"Elizabeth Chomko (director/screenplay); Hilary Swank, Michael Shannon, Robert Forster, Blythe Danner, Taissa Farmiga, Josh Lucas",Drama
Hunter Killer,"Donovan Marsh (director); Arne Schmidt, Jamie Moss (screenplay); Gerard Butler, Gary Oldman, Common, Toby Stephens, Linda Cardellini, David Gyasi, Gabriel Chavarria, Zane Holtz, Michael Nyqvist",Action Thriller
Johnny English Strikes Again,"David Kerr (director); William Davies (screenplay); Rowan Atkinson, Olga Kurylenko, Ben Miller",Action Adventure Comedy
Suspiria,"Luca Guadagnino (director); David Kajganich (screenplay); Dakota Johnson, Tilda Swinton, Mia Goth, Angela Winkler, Ingrid Caven, Sylvie Testud, Jessica Harper, Chloë Grace Moretz",Horror
Indivisible,"David G. Evans (director/screenplay); Cheryl McKay (screenplay); Sarah Drew, Justin Bruening, Jason George, Madeline Carroll, Tanner Stine, Michael O'Neill, Tia Mowry, Eric Close",Drama War
Bullitt County,"David McCracken (director/screenplay); Mike C. Nelson, Jenni Melear, David McCracken, Napoleon Ryan, Richard Riehle, Dorothy Lyman",Action Drama Thriller
Bohemian Rhapsody,"Bryan Singer (director); Anthony McCarten (screenplay); Rami Malek, Lucy Boynton, Gwilym Lee, Ben Hardy, Joseph Mazzello, Aidan Gillen, Allen Leech, Tom Hollander, Mike Myers",Drama Music
The Nutcracker and the Four Realms,"Lasse Hallström, Joe Johnston (director); Ashleigh Powell (screenplay); Keira Knightley, Mackenzie Foy, Eugenio Derbez, Matthew Macfadyen, Richard E. Grant, Misty Copeland, Helen Mirren, Morgan Freeman",Fantasy Adventure Family
Nobody's Fool,"Tyler Perry (director/screenplay); Tiffany Haddish, Tika Sumpter, Omari Hardwick, Mehcad Brooks, Amber Riley, Whoopi Goldberg",Comedy Romance
Boy Erased,"Joel Edgerton (director/screenplay); Lucas Hedges, Nicole Kidman, Russell Crowe, Joel Edgerton, Joe Alwyn, Xavier Dolan, Troye Sivan, Cherry Jones, Flea",Drama
A Private War,"Matthew Heineman (director); Arash Amel (screenplay); Rosamund Pike, Jamie Dornan, Stanley Tucci, Tom Hollander",Drama War
Bodied,"Joseph Kahn (director); Alex Larsen (screenplay); Calum Worthy, Jackie Long, Rory Uphold, Dumbfoundead, Walter Perez, Anthony Michael Hall",Drama Comedy Music
The Front Runner,"Jason Reitman (director); Matt Bai, Jason Reitman, Jay Carson (screenplay); Hugh Jackman, Vera Farmiga, J. K. Simmons, Alfred Molina",Drama History
The Grinch,"Yarrow Cheney, Scott Mosier (directors); Matthew O'Callaghan (co-director); Michael LeSieur, Tommy Swerdlow (screenplay); Benedict Cumberbatch, Rashida Jones, Kenan Thompson, Cameron Seely, Angela Lansbury, Pharrell Williams",Animation Family Comedy Fantasy
The Girl in the Spider's Web,"Fede Alvarez (director/screenplay); Steven Knight, Jay Basu (screenplay); Claire Foy, Sverrir Gudnason, Lakeith Stanfield, Sylvia Hoeks, Stephen Merchant",Action Crime Thriller Drama
Overlord,"Julius Avery (director); Billy Ray, Mark L. Smith (screenplay); Jovan Adepo, Wyatt Russell, Mathilde Ollivier, John Magaro, Gianny Taufer, Pilou Asbæk, Bokeem Woodbine",Horror War Science Fiction
The Ballad of Buster Scruggs,"Joel and Ethan Coen (directors/screenplay); Tim Blake Nelson, Zoe Kazan, Liam Neeson, Tom Waits",Comedy Drama Western
Lazer Team 2,"Daniel Fabelo & Matt Hullum (director); Daniel Fabelo, Matt Hullum & Burnie Burns (screenplay); Gavin Free, Michael Jones, Burnie Burns, Colton Dunn, Nichole Bloom, Allie DeBerry",Science Fiction Action Adventure Comedy
The Marine 6: Close Quarters,"James Nunn (director); Craig Walendziak (screenplay); Chuck Norris (edited); Mike ""The Miz"" Mizanin, Shawn Michaels, Becky Lynch",Action Drama
Conundrum: Secrets Among Friends,"Josh Webber (director); Shaun Cairo (Screenplay), Jo Marie Payton, Gary Leroi Gray, Paula Jai Parker, Parker McKenna Posey",Drama Thriller
Fantastic Beasts: The Crimes of Grindelwald,"David Yates (director); J. K. Rowling (screenplay); Eddie Redmayne, Katherine Waterston, Dan Fogler, Alison Sudol, Ezra Miller, Zoë Kravitz, Callum Turner, Claudia Kim, William Nadylam, Kevin Guthrie, Jude Law, Johnny Depp",Adventure Fantasy Drama
Widows,"Steve McQueen (director/screenplay); Gillian Flynn (screenplay); Viola Davis, Michelle Rodriguez, Elizabeth Debicki, Cynthia Erivo, Colin Farrell, Brian Tyree Henry, Daniel Kaluuya, Carrie Coon, Jacki Weaver, Robert Duvall, Liam Neeson",Crime Thriller
Instant Family,"Sean Anders (director/screenplay); John Morris (screenplay); Mark Wahlberg, Rose Byrne, Isabela Moner, Tig Notaro, Margo Martindale, Julie Hagerty, Octavia Spencer",Comedy Drama
Ralph Breaks the Internet,"Rich Moore, Phil Johnston (directors); Phil Johnston, Pamela Ribon (screenplay); John C. Reilly, Sarah Silverman, Gal Gadot, Taraji P. Henson, Jack McBrayer, Jane Lynch, Bill Hader, Alfred Molina, Alan Tudyk, Ed O'Neill",Family Animation Comedy Adventure
Creed II,"Steven Caple Jr. (director); Sylvester Stallone, Juel Taylor (screenplay); Michael B. Jordan, Sylvester Stallone, Tessa Thompson, Dolph Lundgren, Florian Munteanu, Wood Harris, Phylicia Rashad",Drama
Green Book,"Peter Farrelly (director/screenplay); Brian Hayes Currie, Nick Vallelonga (screenplay); Viggo Mortensen, Mahershala Ali, Linda Cardellini",Drama Comedy
Robin Hood,"Otto Bathurst (director); Ben Chandler, David James Kelly (screenplay); Taron Egerton, Jamie Foxx, Ben Mendelsohn, Eve Hewson, Tim Minchin, Jamie Dornan",Adventure Action Thriller
Roma,"Alfonso Cuarón (director/screenplay); Yalitza Aparicio, Marina de Tavira, Fernando Grediaga, Jorge Antonio Guerrero",Drama
The Favourite,"Yorgos Lanthimos (director); Deborah Davis, Tony McNamara (screenplay); Olivia Colman, Emma Stone, Rachel Weisz, Nicholas Hoult, Joe Alwyn",Drama History Comedy
Mowgli: Legend of the Jungle,"Andy Serkis (director); Callie Kloves (screenplay); Rohan Chand, Christian Bale, Cate Blanchett, Benedict Cumberbatch, Andy Serkis, Matthew Rhys, Freida Pinto, Naomie Harris",Adventure Drama
The Possession of Hannah Grace,"Diederik van Rooijen (director); Brian Sieve (writer); Shay Mitchell, Grey Damon, Kirby Johnson, Stana Katic",Horror Drama
Anna and the Apocalypse,"John McPhail (director); Alan McDonald, Ryan McHenry (screenplay); Ella Hunt, Malcolm Cumming, Marli Siu, Sarah Swire, Christopher Leveaux, Ben Wiggins",Horror Comedy Fantasy
Capernaum,"Nadine Labaki (director/screenplay); Zain Al Rafeea, Yordanos Shiferaw, Boluwatife Treasure Bankole, Kawthar Al Haddad",Drama
Mary Queen of Scots,"Josie Rourke (director); Beau Willimon (screenplay); Saoirse Ronan, Margot Robbie, Jack Lowden, Joe Alwyn, David Tennant, Guy Pearce",Drama History
Ben Is Back,"Peter Hedges (director/screenplay); Lucas Hedges, Julia Roberts, Kathryn Newton, Courtney B. Vance",Drama
Spider-Man: Into the Spider-Verse,"Bob Persichetti, Peter Ramsey, Rodney Rothman (directors); Phil Lord, Rodney Rothman (screenplay); Shameik Moore, Jake Johnson, Hailee Steinfeld, Mahershala Ali, Brian Tyree Henry, Luna Lauren Velez, Lily Tomlin, Zoë Kravitz, John Mulaney, Kimiko Glenn, Nicolas Cage, Kathryn Hahn, Liev Schreiber, Chris Pine",Action Adventure Animation Science Fiction Comedy
Mortal Engines,"Christian Rivers (director); Peter Jackson, Fran Walsh, Philippa Boyens (screenplay); Hugo Weaving, Hera Hilmar, Robert Sheehan, Jihae, Ronan Raftery, Leila George, Patrick Malahide, Stephen Lang",Adventure Fantasy
The Mule,"Clint Eastwood (director); Nick Schenk (screenplay); Clint Eastwood, Bradley Cooper, Laurence Fishburne, Michael Peña, Dianne Wiest, Andy Garcia",Crime Drama Thriller
If Beale Street Could Talk,"Barry Jenkins (director/screenplay); Kiki Layne, Stephan James, Teyonah Parris, Regina King, Dave Franco, Ed Skrein, Diego Luna, Emily Rios",Drama Romance
Mary Poppins Returns,"Rob Marshall (director); David Magee (screenplay); Emily Blunt, Lin-Manuel Miranda, Ben Whishaw, Emily Mortimer, Julie Walters, Colin Firth, Meryl Streep, Dick Van Dyke, Angela Lansbury",Fantasy Family Comedy
Aquaman,"James Wan (director); David Leslie Johnson-McGoldrick, Will Beall (screenplay); Jason Momoa, Amber Heard, Willem Dafoe, Patrick Wilson, Dolph Lundgren, Yahya Abdul-Mateen II, Ludi Lin, Temuera Morrison, Nicole Kidman",Action Adventure Fantasy
Bumblebee,"Travis Knight (director); Christina Hodson (screenplay); Hailee Steinfeld, John Cena, Jorge Lendeborg Jr., John Ortiz, Jason Drucker, Pamela Adlon, Dylan O'Brien, Angela Bassett, Justin Theroux, Peter Cullen",Action Adventure Science Fiction
Welcome to Marwen,"Robert Zemeckis (director/screenplay); Caroline Thompson (screenplay); Steve Carell, Leslie Mann, Diane Kruger, Falk Hentschel, Janelle Monáe, Eiza Gonzalez, Gwendoline Christie",Drama Comedy Fantasy
Second Act,"Peter Segal (director); Elaine Goldsmith-Thomas, Justin Zackham (screenplay); Jennifer Lopez, Leah Remini, Vanessa Hudgens, Treat Williams, Milo Ventimiglia",Romance Comedy
Cold War,"Paweł Pawlikowski (director); Paweł Pawlikowski, Janusz Głowacki (screenplay); Joanna Kulig, Tomasz Kot, Agata Kulesza",Comedy Romance
Holmes & Watson,"Etan Cohen (director/screenplay); Will Ferrell, John C. Reilly, Rebecca Hall, Ralph Fiennes, Rob Brydon, Kelly Macdonald, Steve Coogan, Lauren Lapkus, Pam Ferris, Hugh Laurie",Mystery Adventure Comedy Crime
Vice,"Adam McKay (director/screenplay); Christian Bale, Amy Adams, Steve Carell, Sam Rockwell, Tyler Perry, Alison Pill, Lily Rabe, Jesse Plemons",Drama History Comedy
On the Basis of Sex,"Mimi Leder (director); Daniel Stiepleman (screenplay); Felicity Jones, Armie Hammer, Justin Theroux, Jack Reynor, Cailee Spaeny, Sam Waterston, Kathy Bates",Drama History
Destroyer,"Karyn Kusama (director); Phil Hay, Matt Manfredi (screenplay); Nicole Kidman, Sebastian Stan, Toby Kebbell, Tatiana Maslany, Bradley Whitford, Jade Pettyjohn, Scoot McNairy",Thriller Crime Drama Action
Black Mirror: Bandersnatch,"David Slade (director); Charlie Brooker (screenplay); Fionn Whitehead, Will Poulter, Asim Chaudhry, Craig Parkinson, Alice Lowe, Tallulah Haddon, Catriona Knox, Jonathan Aris",Science Fiction Mystery Drama Thriller TV Movie
